{
  "ligand": "Outputs/conformers/NonCov/Inhib_42.sdf",
  "receptor": "Outputs/docking_results/4CXA_predock.pdb",
  "reference": "Inputs/structures/4CXA_prepared.pdb",
  "binding_site": {
    "center_x": 5.646380952380952,
    "center_y": -13.95507142857143,
    "center_z": 14.609642857142857,
    "size_x": 30.0,
    "size_y": 30.0,
    "size_z": 18.489
  },
  "exhaustiveness": 32,
  "poses": [
    {
      "mode": 1,
      "affinity": -7.97
    },
    {
      "mode": 2,
      "affinity": -7.799
    },
    {
      "mode": 3,
      "affinity": -7.77
    },
    {
      "mode": 4,
      "affinity": -7.712
    },
    {
      "mode": 5,
      "affinity": -7.667
    },
    {
      "mode": 6,
      "affinity": -7.652
    },
    {
      "mode": 7,
      "affinity": -7.633
    },
    {
      "mode": 8,
      "affinity": -7.58
    },
    {
      "mode": 9,
      "affinity": -7.501
    },
    {
      "mode": 10,
      "affinity": -7.427
    },
    {
      "mode": 11,
      "affinity": -7.398
    },
    {
      "mode": 12,
      "affinity": -7.398
    },
    {
      "mode": 13,
      "affinity": -7.394
    },
    {
      "mode": 14,
      "affinity": -7.334
    },
    {
      "mode": 15,
      "affinity": -7.288
    },
    {
      "mode": 16,
      "affinity": -7.146
    },
    {
      "mode": 17,
      "affinity": -7.102
    },
    {
      "mode": 18,
      "affinity": -7.008
    },
    {
      "mode": 19,
      "affinity": -6.946
    },
    {
      "mode": 20,
      "affinity": -6.875
    }
  ],
  "best_affinity": -7.97
}